{
  "sources": [
    {
      "x": -1.9442159437030853,
      "y": 0.32942681527726947,
      "intensity": 0.7205457646992424
    },
    {
      "x": -2.9201221581441086,
      "y": 2.4788963821743195,
      "intensity": 0.3433207843289183
    }
  ]
}