{
  "sources": [
    {
      "x": 7.961704120945509,
      "y": -5.131896388927675,
      "intensity": 0.4480584682318667
    },
    {
      "x": 6.137298498016982,
      "y": 2.696823405703924,
      "intensity": 0.8293867067499491
    }
  ]
}