{
  "sources": [
    {
      "x": -4.661003185413739,
      "y": -5.590400911741252,
      "intensity": 0.39432832933016615
    },
    {
      "x": -5.952948073736911,
      "y": 14.173934749132904,
      "intensity": 0.586603265278643
    },
    {
      "x": 5.502176344894476,
      "y": -4.526583349699699,
      "intensity": 0.1508835936157349
    }
  ]
}