{
  "sources": [
    {
      "x": -7.802168650623587,
      "y": 6.233465283148309,
      "intensity": 0.5417357091820894
    },
    {
      "x": 9.19790289174135,
      "y": -9.082310894018205,
      "intensity": 0.25102704287447186
    },
    {
      "x": -3.241496674097103,
      "y": -14.734860993642178,
      "intensity": 0.2392183255377398
    }
  ]
}