{
  "sources": [
    {
      "x": -4.180032631765027,
      "y": -0.3865928749515035,
      "intensity": 0.03779655842620422
    },
    {
      "x": -4.321199169408642,
      "y": -7.305888619343021,
      "intensity": 0.5330430702618902
    },
    {
      "x": 4.472898012746736,
      "y": 2.3248546336476323,
      "intensity": 0.5969725849002675
    }
  ]
}