{
  "sources": [
    {
      "x": -7.844202945538989,
      "y": -5.153634766861154,
      "intensity": 0.41981826125186494
    },
    {
      "x": 2.985749034926185,
      "y": 1.8435209654227744,
      "intensity": 0.6527297297268044
    }
  ]
}