{
  "sources": [
    {
      "x": 2.6213751385506434,
      "y": -1.212660065536074,
      "intensity": 0.4757587965021923
    },
    {
      "x": 2.139769275589737,
      "y": -1.676572579326109,
      "intensity": 0.34814094957670605
    }
  ]
}