{
  "sources": [
    {
      "x": -1.6774799623250178,
      "y": 0.5356651333445317,
      "intensity": 0.5081670777517593
    },
    {
      "x": -6.4541206020664355,
      "y": -3.1229856763394483,
      "intensity": 0.11160325821591022
    }
  ]
}