{
  "sources": [
    {
      "x": 2.1625209573850537,
      "y": 4.913211012658653,
      "intensity": 0.793761133641776
    },
    {
      "x": 4.5109174291783525,
      "y": -4.187906024641794,
      "intensity": 0.022150159932419422
    },
    {
      "x": 5.708739041661646,
      "y": 4.273238753448307,
      "intensity": 0.5313398567291454
    }
  ]
}