{
  "sources": [
    {
      "x": -6.586601808279797,
      "y": 10.895920980467029,
      "intensity": 0.07901200984584844
    },
    {
      "x": -14.74506077086768,
      "y": -8.530302211829202,
      "intensity": 0.45287823969851426
    },
    {
      "x": 0.49902322341714367,
      "y": 3.2514771125004707,
      "intensity": 0.40274846267512465
    }
  ]
}