{
  "sources": [
    {
      "x": 3.875593820798432,
      "y": -7.780697361033615,
      "intensity": 0.9949320196576594
    },
    {
      "x": -8.476213915197414,
      "y": 10.7649968846431,
      "intensity": 0.5984121347549558
    },
    {
      "x": -3.06416319589092,
      "y": -6.023626372260596,
      "intensity": 0.23436014499328528
    }
  ]
}