{
  "sources": [
    {
      "x": -5.215017708146936,
      "y": -2.1925926819184287,
      "intensity": 0.597662612559775
    },
    {
      "x": -3.9952518353907145,
      "y": -1.9936628092358095,
      "intensity": 0.2920471429827315
    }
  ]
}