{
  "sources": [
    {
      "x": -2.801605747080419,
      "y": 7.876259536644508,
      "intensity": 0.7565288711200676
    },
    {
      "x": -0.6404985507189505,
      "y": 1.5758529341150354,
      "intensity": 0.16678470757202213
    }
  ]
}