{
  "sources": [
    {
      "x": 7.840138628154355,
      "y": 3.6898029200612044,
      "intensity": 0.47107343387659784
    },
    {
      "x": 0.35875811876442043,
      "y": -3.009966194698892,
      "intensity": 0.6401531804152427
    },
    {
      "x": 7.9142560953832675,
      "y": -6.61850934128981,
      "intensity": 0.1329498327303026
    }
  ]
}