{
  "sources": [
    {
      "x": -1.9002546855912463,
      "y": 7.388785341058377,
      "intensity": 0.05876739009436582
    },
    {
      "x": -7.974593510186823,
      "y": -4.990730013030753,
      "intensity": 0.2915692899170962
    }
  ]
}