{
  "sources": [
    {
      "x": 7.980832206846689,
      "y": -13.430403156265514,
      "intensity": 0.49902285925752565
    },
    {
      "x": -3.566465111583465,
      "y": -11.459655866974114,
      "intensity": 0.13696148117314522
    },
    {
      "x": -9.259205399582228,
      "y": 4.229403338622422,
      "intensity": 0.5328848782320994
    }
  ]
}