{
  "sources": [
    {
      "x": -4.887264624706718,
      "y": 4.658642367031778,
      "intensity": 0.3971899446460623
    },
    {
      "x": 7.418105200601154,
      "y": 3.5899402518834798,
      "intensity": 0.8070289683591637
    }
  ]
}