{
  "sources": [
    {
      "x": -2.9340785339984023,
      "y": -5.811986178857188,
      "intensity": 0.0813971243060213
    },
    {
      "x": -1.5078087162874798,
      "y": -3.460412506843049,
      "intensity": 0.7145540763655328
    }
  ]
}